調査年,地域ID,検査施設,農産物カテゴリ,食品カテゴリ,食品名,食品詳細,検査方法,細菌名,汚染濃度,単位,実施機関,調査名,source URL,備考
2021,-,と畜場,食鳥とたい,鶏肉,成鶏 (中抜き),,plate_count,Campylobacter spp.,不検出,log CFU/g,,令和元年度と畜場及び食鳥処理場に関する実態調査,https://www.mhlw.go.jp/content/11130500/000803740.pdf,value: 最小値; 問い合わせ: 要; 
2021,-,と畜場,食鳥とたい,鶏肉,成鶏 (中抜き),,plate_count,Campylobacter spp.,3,log CFU/g,,令和元年度と畜場及び食鳥処理場に関する実態調査,https://www.mhlw.go.jp/content/11130500/000803740.pdf,value: 最大値; 問い合わせ: 要; 
2021,-,と畜場,食鳥とたい,鶏肉,肉用若鳥 (中抜き),,plate_count,Campylobacter spp.,不検出,log CFU/g,,令和元年度と畜場及び食鳥処理場に関する実態調査,https://www.mhlw.go.jp/content/11130500/000803740.pdf,value: 最小値; 問い合わせ: 要; 
2021,-,と畜場,食鳥とたい,鶏肉,肉用若鳥 (中抜き),,plate_count,Campylobacter spp.,3.48,log CFU/g,,令和元年度と畜場及び食鳥処理場に関する実態調査,https://www.mhlw.go.jp/content/11130500/000803740.pdf,value: 最大値; 問い合わせ: 要; 
2021,-,と畜場,食鳥とたい,鶏肉,肉用若鳥 (外剥ぎ),,plate_count,Campylobacter spp.,不検出,log CFU/g,,令和元年度と畜場及び食鳥処理場に関する実態調査,https://www.mhlw.go.jp/content/11130500/000803740.pdf,value: 最小値; 問い合わせ: 要; 
2021,-,と畜場,食鳥とたい,鶏肉,肉用若鳥 (外剥ぎ),,plate_count,Campylobacter spp.,1.7,log CFU/g,,令和元年度と畜場及び食鳥処理場に関する実態調査,https://www.mhlw.go.jp/content/11130500/000803740.pdf,value: 最大値; 問い合わせ: 要; 
2018~2019,-,-,農産物,青果物,スプラウト,かいわれ大根,plate_count,Listeria monocytogenes,50,CFU/g,農林水産省,施設におけるスプラウトの衛生管理の取組状況等に関する調査,https://www.maff.go.jp/j/syouan/nouan/kome/k_yasai/attach/pdf/index-7.pdf,検査方法_詳細: ISO 11290-2:1998/Amd.1 2004; 
2000~2015,-,-,RTE食品,ソーセージ,ソーセージ,,plate_count,Listeria monocytogenes,35,CFU/g,東京都健康安全研究センター,食品からのListeria monocytogenes検出法 および定量法の比較,https://www.jstage.jst.go.jp/article/jsfm/33/3/33_155/_pdf,検査方法_詳細: ISO定量法;
2000~2015,-,-,RTE食品,ソーセージ,ソーセージ,,MPN,Listeria monocytogenes,7.5,MPN/g,東京都健康安全研究センター,食品からのListeria monocytogenes検出法 および定量法の比較,https://www.jstage.jst.go.jp/article/jsfm/33/3/33_155/_pdf,
2000~2015,-,-,RTE食品,ソーセージ,ソーセージ,,plate_count,Listeria monocytogenes,20,CFU/g,東京都健康安全研究センター,食品からのListeria monocytogenes検出法 および定量法の比較,https://www.jstage.jst.go.jp/article/jsfm/33/3/33_155/_pdf,検査方法_詳細: ISO定量法;
2000~2015,-,-,RTE食品,ソーセージ,ソーセージ,,MPN,Listeria monocytogenes,9.3,MPN/g,東京都健康安全研究センター,食品からのListeria monocytogenes検出法 および定量法の比較,https://www.jstage.jst.go.jp/article/jsfm/33/3/33_155/_pdf,
1996,千葉,食中毒発生施設,非加熱食品,青果物,メロン,,MPN,Escherichia coli O157,43,CFU/g,千葉県衛生研究所,千葉衛研報告　「保育園におけるメロンが原因の腸管出血性大腸菌O157:H7により集団食中毒事例」,https://www.pref.chiba.lg.jp/eiken/eiseikenkyuu/kennkyuuhoukoku/documents/22-p31.pdf,value: MPNからCFUを推定; 
2020,中部,食鳥処理場,処理後食鳥検体,鶏肉,盲腸内容物 (ブロイラー),,plate_count,Campylobacter jejuni,不検出,log CFU/g,国立医薬品食品衛生研究所,食鳥処理場における鶏肉のカンピロバクター汚染の定量調査,https://agriknowledge.affrc.go.jp/RN/2010942163.pdf,value: 平均値; 問い合わせ: 要; origin: 養鶏場A; 
2020,中部,食鳥処理場,処理後食鳥検体,鶏肉,胸肉 (ブロイラー),,plate_count,Campylobacter jejuni,不検出,log CFU/g,国立医薬品食品衛生研究所,食鳥処理場における鶏肉のカンピロバクター汚染の定量調査,https://agriknowledge.affrc.go.jp/RN/2010942163.pdf,value: 平均値; 問い合わせ: 要; origin: 養鶏場A; 
2020,中部,食鳥処理場,処理後食鳥検体,鶏肉,盲腸内容物 (ブロイラー),,plate_count,Campylobacter jejuni,0.6,log CFU/g,国立医薬品食品衛生研究所,食鳥処理場における鶏肉のカンピロバクター汚染の定量調査,https://agriknowledge.affrc.go.jp/RN/2010942163.pdf,value: 平均値; 問い合わせ: 要; origin: 養鶏場B; 
2020,中部,食鳥処理場,処理後食鳥検体,鶏肉,胸肉 (ブロイラー),,plate_count,Campylobacter jejuni,6.18,log CFU/g,国立医薬品食品衛生研究所,食鳥処理場における鶏肉のカンピロバクター汚染の定量調査,https://agriknowledge.affrc.go.jp/RN/2010942163.pdf,value: 平均値; 問い合わせ: 要; origin: 養鶏場B; 
2020,中部,食鳥処理場,処理後食鳥検体,鶏肉,盲腸内容物 (ブロイラー),,plate_count,Campylobacter jejuni,1.38,log CFU/g,国立医薬品食品衛生研究所,食鳥処理場における鶏肉のカンピロバクター汚染の定量調査,https://agriknowledge.affrc.go.jp/RN/2010942163.pdf,value: 平均値; 問い合わせ: 要; origin: 養鶏場B; 
2020,中部,食鳥処理場,処理後食鳥検体,鶏肉,胸肉 (ブロイラー),,plate_count,Campylobacter jejuni,6.95,log CFU/g,国立医薬品食品衛生研究所,食鳥処理場における鶏肉のカンピロバクター汚染の定量調査,https://agriknowledge.affrc.go.jp/RN/2010942163.pdf,value: 平均値; 問い合わせ: 要; origin: 養鶏場B; 
2020,中部,食鳥処理場,処理後食鳥検体,鶏肉,盲腸内容物 (ブロイラー),,plate_count,Campylobacter jejuni,不検出,log CFU/g,国立医薬品食品衛生研究所,食鳥処理場における鶏肉のカンピロバクター汚染の定量調査,https://agriknowledge.affrc.go.jp/RN/2010942163.pdf,value: 平均値; 問い合わせ: 要; origin: 養鶏場C; 
2020,中部,食鳥処理場,処理後食鳥検体,鶏肉,胸肉 (ブロイラー),,plate_count,Campylobacter jejuni,不検出,log CFU/g,国立医薬品食品衛生研究所,食鳥処理場における鶏肉のカンピロバクター汚染の定量調査,https://agriknowledge.affrc.go.jp/RN/2010942163.pdf,value: 平均値; 問い合わせ: 要; origin: 養鶏場C; 
2020,中部,食鳥処理場,処理後食鳥検体,鶏肉,盲腸内容物 (ブロイラー),,plate_count,Campylobacter jejuni,不検出,log CFU/g,国立医薬品食品衛生研究所,食鳥処理場における鶏肉のカンピロバクター汚染の定量調査,https://agriknowledge.affrc.go.jp/RN/2010942163.pdf,value: 平均値; 問い合わせ: 要; origin: 養鶏場D; 
2020,中部,食鳥処理場,処理後食鳥検体,鶏肉,胸肉 (ブロイラー),,plate_count,Campylobacter jejuni,6.81,log CFU/g,国立医薬品食品衛生研究所,食鳥処理場における鶏肉のカンピロバクター汚染の定量調査,https://agriknowledge.affrc.go.jp/RN/2010942163.pdf,value: 平均値; 問い合わせ: 要; origin: 養鶏場D; 
2020,中部,食鳥処理場,処理後食鳥検体,鶏肉,盲腸内容物 (ブロイラー),,plate_count,Campylobacter jejuni,不検出,log CFU/g,国立医薬品食品衛生研究所,食鳥処理場における鶏肉のカンピロバクター汚染の定量調査,https://agriknowledge.affrc.go.jp/RN/2010942163.pdf,value: 平均値; 問い合わせ: 要; origin: 養鶏場E; 
2020,中部,食鳥処理場,処理後食鳥検体,鶏肉,胸肉 (ブロイラー),,plate_count,Campylobacter jejuni,6.56,log CFU/g,国立医薬品食品衛生研究所,食鳥処理場における鶏肉のカンピロバクター汚染の定量調査,https://agriknowledge.affrc.go.jp/RN/2010942163.pdf,value: 平均値; 問い合わせ: 要; origin: 養鶏場E; 
2020,中部,食鳥処理場,処理後食鳥検体,鶏肉,盲腸内容物 (ブロイラー),,plate_count,Campylobacter jejuni,0.6,log CFU/g,国立医薬品食品衛生研究所,食鳥処理場における鶏肉のカンピロバクター汚染の定量調査,https://agriknowledge.affrc.go.jp/RN/2010942163.pdf,value: 平均値; 問い合わせ: 要; origin: 養鶏場E; 
2020,中部,食鳥処理場,処理後食鳥検体,鶏肉,胸肉 (ブロイラー),,plate_count,Campylobacter jejuni,8,log CFU/g,国立医薬品食品衛生研究所,食鳥処理場における鶏肉のカンピロバクター汚染の定量調査,https://agriknowledge.affrc.go.jp/RN/2010942163.pdf,value: 平均値; 問い合わせ: 要; origin: 養鶏場E; 
2020,中部,食鳥処理場,処理後食鳥検体,鶏肉,盲腸内容物 (ブロイラー),,plate_count,Campylobacter jejuni,不検出,log CFU/g,国立医薬品食品衛生研究所,食鳥処理場における鶏肉のカンピロバクター汚染の定量調査,https://agriknowledge.affrc.go.jp/RN/2010942163.pdf,value: 平均値; 問い合わせ: 要; origin: 養鶏場D; 
2020,中部,食鳥処理場,処理後食鳥検体,鶏肉,胸肉 (ブロイラー),,plate_count,Campylobacter jejuni,6.45,log CFU/g,国立医薬品食品衛生研究所,食鳥処理場における鶏肉のカンピロバクター汚染の定量調査,https://agriknowledge.affrc.go.jp/RN/2010942163.pdf,value: 平均値; 問い合わせ: 要; origin: 養鶏場D; 
2020,九州,食鳥処理場,処理後食鳥検体,鶏肉,盲腸内容物 (ブロイラー),,plate_count,Campylobacter jejuni,1.2,log CFU/g,国立医薬品食品衛生研究所,食鳥処理場における鶏肉のカンピロバクター汚染の定量調査,https://agriknowledge.affrc.go.jp/RN/2010942163.pdf,value: 平均値; 問い合わせ: 要; origin: 養鶏場F; 
2020,九州,食鳥処理場,処理後食鳥検体,鶏肉,胸肉 (ブロイラー),,plate_count,Campylobacter jejuni,6.43,log CFU/g,国立医薬品食品衛生研究所,食鳥処理場における鶏肉のカンピロバクター汚染の定量調査,https://agriknowledge.affrc.go.jp/RN/2010942163.pdf,value: 平均値; 問い合わせ: 要; origin: 養鶏場F; 
2020,九州,食鳥処理場,処理後食鳥検体,鶏肉,盲腸内容物 (ブロイラー),,plate_count,Campylobacter coli,2.26,log CFU/g,国立医薬品食品衛生研究所,食鳥処理場における鶏肉のカンピロバクター汚染の定量調査,https://agriknowledge.affrc.go.jp/RN/2010942163.pdf,value: 平均値; 問い合わせ: 要; origin: 養鶏場G; 
2020,九州,食鳥処理場,処理後食鳥検体,鶏肉,胸肉 (ブロイラー),,plate_count,Campylobacter coli,9.82,log CFU/g,国立医薬品食品衛生研究所,食鳥処理場における鶏肉のカンピロバクター汚染の定量調査,https://agriknowledge.affrc.go.jp/RN/2010942163.pdf,value: 平均値; 問い合わせ: 要; origin: 養鶏場G; 
2020,九州,食鳥処理場,処理後食鳥検体,鶏肉,盲腸内容物 (ブロイラー),,plate_count,Campylobacter jejuni,不検出,log CFU/g,国立医薬品食品衛生研究所,食鳥処理場における鶏肉のカンピロバクター汚染の定量調査,https://agriknowledge.affrc.go.jp/RN/2010942163.pdf,value: 平均値; 問い合わせ: 要; origin: 養鶏場H; 
2020,九州,食鳥処理場,処理後食鳥検体,鶏肉,胸肉 (ブロイラー),,plate_count,Campylobacter jejuni,不検出,log CFU/g,国立医薬品食品衛生研究所,食鳥処理場における鶏肉のカンピロバクター汚染の定量調査,https://agriknowledge.affrc.go.jp/RN/2010942163.pdf,value: 平均値; 問い合わせ: 要; origin: 養鶏場H; 
2020,九州,食鳥処理場,処理後食鳥検体,鶏肉,盲腸内容物 (ブロイラー),,plate_count,Campylobacter jejuni,不検出,log CFU/g,国立医薬品食品衛生研究所,食鳥処理場における鶏肉のカンピロバクター汚染の定量調査,https://agriknowledge.affrc.go.jp/RN/2010942163.pdf,value: 平均値; 問い合わせ: 要; origin: 養鶏場I; 
2020,九州,食鳥処理場,処理後食鳥検体,鶏肉,胸肉 (ブロイラー),,plate_count,Campylobacter jejuni,6.09,log CFU/g,国立医薬品食品衛生研究所,食鳥処理場における鶏肉のカンピロバクター汚染の定量調査,https://agriknowledge.affrc.go.jp/RN/2010942163.pdf,value: 平均値; 問い合わせ: 要; origin: 養鶏場I; 
2020,九州,食鳥処理場,処理後食鳥検体,鶏肉,盲腸内容物 (ブロイラー),,plate_count,Campylobacter coli,0.78,log CFU/g,国立医薬品食品衛生研究所,食鳥処理場における鶏肉のカンピロバクター汚染の定量調査,https://agriknowledge.affrc.go.jp/RN/2010942163.pdf,value: 平均値; 問い合わせ: 要; origin: 養鶏場I; 
2020,九州,食鳥処理場,処理後食鳥検体,鶏肉,胸肉 (ブロイラー),,plate_count,Campylobacter coli,不検出,log CFU/g,国立医薬品食品衛生研究所,食鳥処理場における鶏肉のカンピロバクター汚染の定量調査,https://agriknowledge.affrc.go.jp/RN/2010942163.pdf,value: 平均値; 問い合わせ: 要; origin: 養鶏場I; 
2020,九州,食鳥処理場,処理後食鳥検体,鶏肉,盲腸内容物 (ブロイラー),,plate_count,Campylobacter jejuni,不検出,log CFU/g,国立医薬品食品衛生研究所,食鳥処理場における鶏肉のカンピロバクター汚染の定量調査,https://agriknowledge.affrc.go.jp/RN/2010942163.pdf,value: 平均値; 問い合わせ: 要; origin: 養鶏場J; 
2020,九州,食鳥処理場,処理後食鳥検体,鶏肉,盲腸内容物 (ブロイラー),,plate_count,Campylobacter jejuni,不検出,log CFU/g,国立医薬品食品衛生研究所,食鳥処理場における鶏肉のカンピロバクター汚染の定量調査,https://agriknowledge.affrc.go.jp/RN/2010942163.pdf,value: 平均値; 問い合わせ: 要; origin: 養鶏場J; 
2020,九州,食鳥処理場,処理後食鳥検体,鶏肉,盲腸内容物 (ブロイラー),,plate_count,Campylobacter coli,不検出,log CFU/g,国立医薬品食品衛生研究所,食鳥処理場における鶏肉のカンピロバクター汚染の定量調査,https://agriknowledge.affrc.go.jp/RN/2010942163.pdf,value: 平均値; 問い合わせ: 要; origin: 養鶏場J; 
2020,九州,食鳥処理場,処理後食鳥検体,鶏肉,盲腸内容物 (ブロイラー),,plate_count,Campylobacter coli,不検出,log CFU/g,国立医薬品食品衛生研究所,食鳥処理場における鶏肉のカンピロバクター汚染の定量調査,https://agriknowledge.affrc.go.jp/RN/2010942163.pdf,value: 平均値; 問い合わせ: 要; origin: 養鶏場J; 
2020,九州,食鳥処理場,処理後食鳥検体,鶏肉,盲腸内容物 (ブロイラー),,plate_count,Campylobacter jejuni,不検出,log CFU/g,国立医薬品食品衛生研究所,食鳥処理場における鶏肉のカンピロバクター汚染の定量調査,https://agriknowledge.affrc.go.jp/RN/2010942163.pdf,value: 平均値; 問い合わせ: 要; origin: 養鶏場K; 
2020,九州,食鳥処理場,処理後食鳥検体,鶏肉,盲腸内容物 (ブロイラー),,plate_count,Campylobacter jejuni,不検出,log CFU/g,国立医薬品食品衛生研究所,食鳥処理場における鶏肉のカンピロバクター汚染の定量調査,https://agriknowledge.affrc.go.jp/RN/2010942163.pdf,value: 平均値; 問い合わせ: 要; origin: 養鶏場K; 
2020,九州,食鳥処理場,処理後食鳥検体,鶏肉,盲腸内容物 (ブロイラー),,plate_count,Campylobacter coli,不検出,log CFU/g,国立医薬品食品衛生研究所,食鳥処理場における鶏肉のカンピロバクター汚染の定量調査,https://agriknowledge.affrc.go.jp/RN/2010942163.pdf,value: 平均値; 問い合わせ: 要; origin: 養鶏場K; 
2020,九州,食鳥処理場,処理後食鳥検体,鶏肉,盲腸内容物 (ブロイラー),,plate_count,Campylobacter coli,不検出,log CFU/g,国立医薬品食品衛生研究所,食鳥処理場における鶏肉のカンピロバクター汚染の定量調査,https://agriknowledge.affrc.go.jp/RN/2010942163.pdf,value: 平均値; 問い合わせ: 要; origin: 養鶏場K; 
2020,九州,食鳥処理場,処理後食鳥検体,鶏肉,盲腸内容物 (ブロイラー),,plate_count,Campylobacter jejuni,不検出,log CFU/g,国立医薬品食品衛生研究所,食鳥処理場における鶏肉のカンピロバクター汚染の定量調査,https://agriknowledge.affrc.go.jp/RN/2010942163.pdf,value: 平均値; 問い合わせ: 要; origin: 養鶏場L; 
2020,九州,食鳥処理場,処理後食鳥検体,鶏肉,胸肉 (ブロイラー),,plate_count,Campylobacter jejuni,8.65,log CFU/g,国立医薬品食品衛生研究所,食鳥処理場における鶏肉のカンピロバクター汚染の定量調査,https://agriknowledge.affrc.go.jp/RN/2010942163.pdf,value: 平均値; 問い合わせ: 要; origin: 養鶏場L; 
2020,九州,食鳥処理場,処理後食鳥検体,鶏肉,盲腸内容物 (ブロイラー),,plate_count,Campylobacter coli,1.72,log CFU/g,国立医薬品食品衛生研究所,食鳥処理場における鶏肉のカンピロバクター汚染の定量調査,https://agriknowledge.affrc.go.jp/RN/2010942163.pdf,value: 平均値; 問い合わせ: 要; origin: 養鶏場L; 
2020,九州,食鳥処理場,処理後食鳥検体,鶏肉,胸肉 (ブロイラー),,plate_count,Campylobacter coli,-,log CFU/g,国立医薬品食品衛生研究所,食鳥処理場における鶏肉のカンピロバクター汚染の定量調査,https://agriknowledge.affrc.go.jp/RN/2010942163.pdf,value: 平均値; 問い合わせ: 要; origin: 養鶏場L; 
2020,九州,食鳥処理場,処理後食鳥検体,鶏肉,盲腸内容物 (ブロイラー),,plate_count,Campylobacter jejuni,1.3,log CFU/g,国立医薬品食品衛生研究所,食鳥処理場における鶏肉のカンピロバクター汚染の定量調査,https://agriknowledge.affrc.go.jp/RN/2010942163.pdf,value: 平均値; 問い合わせ: 要; origin: 養鶏場M; 
2020,九州,食鳥処理場,処理後食鳥検体,鶏肉,胸肉 (ブロイラー),,plate_count,Campylobacter jejuni,8.82,log CFU/g,国立医薬品食品衛生研究所,食鳥処理場における鶏肉のカンピロバクター汚染の定量調査,https://agriknowledge.affrc.go.jp/RN/2010942163.pdf,value: 平均値; 問い合わせ: 要; origin: 養鶏場M; 
2014~2015,岩手,食肉処理場,処理後食鳥検体,鶏肉,盲腸内容物 (一般商品向け鶏 (Nb鶏)),,plate_count,Campylobacter spp.,4.70E+06,CFU/g,一般社団法人岩手県獣医師会食烏検査センター,特殊飼料を給与したブロイラーでみられたカンピロバクター低汚染鶏群と偶発的区分処理の潜在的効果,https://agriknowledge.affrc.go.jp/RN/2010902975.pdf,value: 平均値; 問い合わせ: 要; origin: 養鶏場; 検査方法_詳細: 塗抹平板培養法 (コンラージ法); 加工処理 :中抜き;
2014~2015,岩手,食肉処理場,処理後食鳥検体,鶏肉,盲腸内容物 (ブランド商品向け鶏 (B鶏)),,plate_count,Campylobacter spp.,1.20E+04,CFU/g,一般社団法人岩手県獣医師会食烏検査センター,特殊飼料を給与したブロイラーでみられたカンピロバクター低汚染鶏群と偶発的区分処理の潜在的効果,https://agriknowledge.affrc.go.jp/RN/2010902975.pdf,value: 平均値; 問い合わせ: 要; origin: 養鶏場; 検査方法_詳細: 塗抹平板培養法 (コンラージ法); 加工処理 :中抜き;
1998,北海道,,,魚介類,魚卵加工品,イクラ醤油漬け,MPN,Escherichia coli O157,0.9,MPN/100g,北海道立衛生研究所食品科学部,イクラ醤油漬の腸管出血性大腸菌Ｏ157汚染に関する調査,https://idsc.niid.go.jp/iasr/19/224/dj2242.html,"問い合わせ:要; 検査方法_詳細: 測定量333ｇ、３管法による最確数MPN; other: 陽性だった17検体のうち10検体を検査した結果, 9検体が0.9MPN/100gとの記載があったため、0.9MPN/100gのデータを9サンプル記録。サンプルの対応は不明なため要問い合わせにした。"
1998,北海道,,,魚介類,魚卵加工品,イクラ醤油漬け,MPN,Escherichia coli O157,0.9,MPN/100g,北海道立衛生研究所食品科学部,イクラ醤油漬の腸管出血性大腸菌Ｏ157汚染に関する調査,https://idsc.niid.go.jp/iasr/19/224/dj2242.html,"問い合わせ:要; 検査方法_詳細: 測定量333ｇ、３管法による最確数MPN; other: 陽性だった17検体のうち10検体を検査した結果, 9検体が0.9MPN/100gとの記載があったため、0.9MPN/100gのデータを9サンプル記録。サンプルの対応は不明なため要問い合わせにした。"
1998,北海道,,,魚介類,魚卵加工品,イクラ醤油漬け,MPN,Escherichia coli O157,0.9,MPN/100g,北海道立衛生研究所食品科学部,イクラ醤油漬の腸管出血性大腸菌Ｏ157汚染に関する調査,https://idsc.niid.go.jp/iasr/19/224/dj2242.html,"問い合わせ:要; 検査方法_詳細: 測定量333ｇ、３管法による最確数MPN; other: 陽性だった17検体のうち10検体を検査した結果, 9検体が0.9MPN/100gとの記載があったため、0.9MPN/100gのデータを9サンプル記録。サンプルの対応は不明なため要問い合わせにした。"
1998,北海道,,,魚介類,魚卵加工品,イクラ醤油漬け,MPN,Escherichia coli O157,0.9,MPN/100g,北海道立衛生研究所食品科学部,イクラ醤油漬の腸管出血性大腸菌Ｏ157汚染に関する調査,https://idsc.niid.go.jp/iasr/19/224/dj2242.html,"問い合わせ:要; 検査方法_詳細: 測定量333ｇ、３管法による最確数MPN; other: 陽性だった17検体のうち10検体を検査した結果, 9検体が0.9MPN/100gとの記載があったため、0.9MPN/100gのデータを9サンプル記録。サンプルの対応は不明なため要問い合わせにした。"
1998,北海道,,,魚介類,魚卵加工品,イクラ醤油漬け,MPN,Escherichia coli O157,0.9,MPN/100g,北海道立衛生研究所食品科学部,イクラ醤油漬の腸管出血性大腸菌Ｏ157汚染に関する調査,https://idsc.niid.go.jp/iasr/19/224/dj2242.html,"問い合わせ:要; 検査方法_詳細: 測定量333ｇ、３管法による最確数MPN; other: 陽性だった17検体のうち10検体を検査した結果, 9検体が0.9MPN/100gとの記載があったため、0.9MPN/100gのデータを9サンプル記録。サンプルの対応は不明なため要問い合わせにした。"
1998,北海道,,,魚介類,魚卵加工品,イクラ醤油漬け,MPN,Escherichia coli O157,0.9,MPN/100g,北海道立衛生研究所食品科学部,イクラ醤油漬の腸管出血性大腸菌Ｏ157汚染に関する調査,https://idsc.niid.go.jp/iasr/19/224/dj2242.html,"問い合わせ:要; 検査方法_詳細: 測定量333ｇ、３管法による最確数MPN; other: 陽性だった17検体のうち10検体を検査した結果, 9検体が0.9MPN/100gとの記載があったため、0.9MPN/100gのデータを9サンプル記録。サンプルの対応は不明なため要問い合わせにした。"
1998,北海道,,,魚介類,魚卵加工品,イクラ醤油漬け,MPN,Escherichia coli O157,0.9,MPN/100g,北海道立衛生研究所食品科学部,イクラ醤油漬の腸管出血性大腸菌Ｏ157汚染に関する調査,https://idsc.niid.go.jp/iasr/19/224/dj2242.html,"問い合わせ:要; 検査方法_詳細: 測定量333ｇ、３管法による最確数MPN; other: 陽性だった17検体のうち10検体を検査した結果, 9検体が0.9MPN/100gとの記載があったため、0.9MPN/100gのデータを9サンプル記録。サンプルの対応は不明なため要問い合わせにした。"
1998,北海道,,,魚介類,魚卵加工品,イクラ醤油漬け,MPN,Escherichia coli O157,0.9,MPN/100g,北海道立衛生研究所食品科学部,イクラ醤油漬の腸管出血性大腸菌Ｏ157汚染に関する調査,https://idsc.niid.go.jp/iasr/19/224/dj2242.html,"問い合わせ:要; 検査方法_詳細: 測定量333ｇ、３管法による最確数MPN; other: 陽性だった17検体のうち10検体を検査した結果, 9検体が0.9MPN/100gとの記載があったため、0.9MPN/100gのデータを9サンプル記録。サンプルの対応は不明なため要問い合わせにした。"
1998,北海道,,,魚介類,魚卵加工品,イクラ醤油漬け,MPN,Escherichia coli O157,0.9,MPN/100g,北海道立衛生研究所食品科学部,イクラ醤油漬の腸管出血性大腸菌Ｏ157汚染に関する調査,https://idsc.niid.go.jp/iasr/19/224/dj2242.html,"問い合わせ:要; 検査方法_詳細: 測定量333ｇ、３管法による最確数MPN; other: 陽性だった17検体のうち10検体を検査した結果, 9検体が0.9MPN/100gとの記載があったため、0.9MPN/100gのデータを9サンプル記録。サンプルの対応は不明なため要問い合わせにした。"
1998,北海道,,,魚介類,魚卵加工品,イクラ醤油漬け,MPN,Escherichia coli O157,0.2,MPN/100g,北海道立衛生研究所食品科学部,イクラ醤油漬の腸管出血性大腸菌Ｏ157汚染に関する調査,https://idsc.niid.go.jp/iasr/19/224/dj2242.html,検査方法_詳細: 測定量333ｇ、３管法による最確数MPN; other: 陽性だった17検体のうち10検体を検査した結果
1998,,,,魚介類,魚卵加工品,イクラ醤油漬け,MPN,Escherichia coli O157,0.91,MPN/10g,神奈川県衛生研究所,イクラからの志賀毒素産生性大腸菌O157:H7の分離と分離株のパルスフィールドゲル電気泳動パターン,https://www.jstage.jst.go.jp/article/kansenshogakuzasshi1970/73/1/73_1_20/_pdf,"value: 100mL (イクラ10g) あたりのMPN値; 検査方法_詳細: MPN 3本法; other: 検体 No.3, 陽性となった24検体から任意に3検体抽出"
1998,,,,魚介類,魚卵加工品,イクラ醤油漬け,MPN,Escherichia coli O157,1.5,MPN/10g,神奈川県衛生研究所,イクラからの志賀毒素産生性大腸菌O157:H7の分離と分離株のパルスフィールドゲル電気泳動パターン,https://www.jstage.jst.go.jp/article/kansenshogakuzasshi1970/73/1/73_1_20/_pdf,"value: 100mL (イクラ10g) あたりのMPN値; 検査方法_詳細: MPN 3本法; other: 検体 No.31, 陽性となった24検体から任意に3検体抽出"
1998,,,,魚介類,魚卵加工品,イクラ醤油漬け,MPN,Escherichia coli O157,0.73,MPN/10g,神奈川県衛生研究所,イクラからの志賀毒素産生性大腸菌O157:H7の分離と分離株のパルスフィールドゲル電気泳動パターン,https://www.jstage.jst.go.jp/article/kansenshogakuzasshi1970/73/1/73_1_20/_pdf,"value: 100mL (イクラ10g) あたりのMPN値; 検査方法_詳細: MPN 3本法; other: 検体 No.32, 陽性となった24検体から任意に3検体抽出"
2018,東北,食鳥処理場,処理後食鳥検体,鶏肉,盲腸内容物,,plate_count,Campylobacter jejuni,8.56,log CFU/g,国立医薬品食品衛生研究所,2食鳥処理場におけるブロイラー群および胸肉のカンピロバクター,https://agriknowledge.affrc.go.jp/RN/2010937017.pdf,"value: 平均値; 問い合わせ: 要; origin: 農場A; others: 第1回, 47日齢; "
2018,東北,食鳥処理場,処理後食鳥検体,鶏肉,胸肉,,plate_count,Campylobacter jejuni,1.3,log CFU/g,国立医薬品食品衛生研究所,2食鳥処理場におけるブロイラー群および胸肉のカンピロバクター,https://agriknowledge.affrc.go.jp/RN/2010937017.pdf,"value: 平均値; 問い合わせ: 要; origin: 農場A; others: 第1回, 47日齢; "
2018,東北,食鳥処理場,処理後食鳥検体,鶏肉,盲腸内容物,,plate_count,Campylobacter jejuni,6.71,log CFU/g,国立医薬品食品衛生研究所,2食鳥処理場におけるブロイラー群および胸肉のカンピロバクター,https://agriknowledge.affrc.go.jp/RN/2010937017.pdf,"value: 平均値; 問い合わせ: 要; origin: 農場A; others: 第2回, 48日齢; "
2018,東北,食鳥処理場,処理後食鳥検体,鶏肉,胸肉,,plate_count,Campylobacter spp.,不検出,log CFU/g,国立医薬品食品衛生研究所,2食鳥処理場におけるブロイラー群および胸肉のカンピロバクター,https://agriknowledge.affrc.go.jp/RN/2010937017.pdf,"value: 平均値; 問い合わせ: 要; origin: 農場A; others: 第2回, 48日齢; "
2018,東北,食鳥処理場,処理後食鳥検体,鶏肉,盲腸内容物,,plate_count,Campylobacter jejuni,9.34,log CFU/g,国立医薬品食品衛生研究所,2食鳥処理場におけるブロイラー群および胸肉のカンピロバクター,https://agriknowledge.affrc.go.jp/RN/2010937017.pdf,"value: 平均値; 問い合わせ: 要; origin: 農場A; others: 第3回, 46日齢; "
2018,東北,食鳥処理場,処理後食鳥検体,鶏肉,胸肉,,plate_count,Campylobacter jejuni,2.15,log CFU/g,国立医薬品食品衛生研究所,2食鳥処理場におけるブロイラー群および胸肉のカンピロバクター,https://agriknowledge.affrc.go.jp/RN/2010937017.pdf,"value: 平均値; 問い合わせ: 要; origin: 農場A; others: 第3回, 46日齢; "
2018,東北,食鳥処理場,処理後食鳥検体,鶏肉,盲腸内容物,,plate_count,Campylobacter jejuni,8.62,log CFU/g,国立医薬品食品衛生研究所,2食鳥処理場におけるブロイラー群および胸肉のカンピロバクター,https://agriknowledge.affrc.go.jp/RN/2010937017.pdf,"value: 平均値; 問い合わせ: 要; origin: 農場A; others: 第4回, 48日齢; "
2018,東北,食鳥処理場,処理後食鳥検体,鶏肉,胸肉,,plate_count,Campylobacter jejuni,1.85,log CFU/g,国立医薬品食品衛生研究所,2食鳥処理場におけるブロイラー群および胸肉のカンピロバクター,https://agriknowledge.affrc.go.jp/RN/2010937017.pdf,"value: 平均値; 問い合わせ: 要; origin: 農場A; others: 第4回, 48日齢; "
2018,東北,食鳥処理場,処理後食鳥検体,鶏肉,盲腸内容物,,plate_count,Campylobacter jejuni,5.52,log CFU/g,国立医薬品食品衛生研究所,2食鳥処理場におけるブロイラー群および胸肉のカンピロバクター,https://agriknowledge.affrc.go.jp/RN/2010937017.pdf,"value: 平均値; 問い合わせ: 要; origin: 農場A; others: 第5回, 48日齢; "
2018,東北,食鳥処理場,処理後食鳥検体,鶏肉,胸肉,,plate_count,Campylobacter jejuni,1.3,log CFU/g,国立医薬品食品衛生研究所,2食鳥処理場におけるブロイラー群および胸肉のカンピロバクター,https://agriknowledge.affrc.go.jp/RN/2010937017.pdf,"value: 平均値; 問い合わせ: 要; origin: 農場A; others: 第5回, 48日齢; "
2018,東北,食鳥処理場,処理後食鳥検体,鶏肉,盲腸内容物,,plate_count,Campylobacter jejuni,6.38,log CFU/g,国立医薬品食品衛生研究所,2食鳥処理場におけるブロイラー群および胸肉のカンピロバクター,https://agriknowledge.affrc.go.jp/RN/2010937017.pdf,"value: 平均値; 問い合わせ: 要; origin: 農場A; others: 第6回, 48日齢; "
2018,東北,食鳥処理場,処理後食鳥検体,鶏肉,胸肉,,plate_count,Campylobacter jejuni,0.7,log CFU/g,国立医薬品食品衛生研究所,2食鳥処理場におけるブロイラー群および胸肉のカンピロバクター,https://agriknowledge.affrc.go.jp/RN/2010937017.pdf,"value: 平均値; 問い合わせ: 要; origin: 農場A; others: 第6回, 48日齢; "
2018,九州,食鳥処理場,処理後食鳥検体,鶏肉,盲腸内容物,,plate_count,Campylobacter jejuni,8.53,log CFU/g,国立医薬品食品衛生研究所,2食鳥処理場におけるブロイラー群および胸肉のカンピロバクター,https://agriknowledge.affrc.go.jp/RN/2010937017.pdf,"value: 平均値; 問い合わせ: 要; origin: 農場B; others: 第1回, 51日齢; "
2018,九州,食鳥処理場,処理後食鳥検体,鶏肉,胸肉,,plate_count,Campylobacter jejuni,1.48,log CFU/g,国立医薬品食品衛生研究所,2食鳥処理場におけるブロイラー群および胸肉のカンピロバクター,https://agriknowledge.affrc.go.jp/RN/2010937017.pdf,"value: 平均値; 問い合わせ: 要; origin: 農場B; others: 第1回, 51日齢; "
2018,九州,食鳥処理場,処理後食鳥検体,鶏肉,盲腸内容物,,plate_count,Campylobacter spp.,-,log CFU/g,国立医薬品食品衛生研究所,2食鳥処理場におけるブロイラー群および胸肉のカンピロバクター,https://agriknowledge.affrc.go.jp/RN/2010937017.pdf,"value: 平均値; 問い合わせ: 要; origin: 農場C; others: 第2回, 50日齢; "
2018,九州,食鳥処理場,処理後食鳥検体,鶏肉,胸肉,,plate_count,Campylobacter spp.,-,log CFU/g,国立医薬品食品衛生研究所,2食鳥処理場におけるブロイラー群および胸肉のカンピロバクター,https://agriknowledge.affrc.go.jp/RN/2010937017.pdf,"value: 平均値; 問い合わせ: 要; origin: 農場C; others: 第2回, 50日齢; "
2018,九州,食鳥処理場,処理後食鳥検体,鶏肉,盲腸内容物,,plate_count,Campylobacter jejuni,9.19,log CFU/g,国立医薬品食品衛生研究所,2食鳥処理場におけるブロイラー群および胸肉のカンピロバクター,https://agriknowledge.affrc.go.jp/RN/2010937017.pdf,"value: 平均値; 問い合わせ: 要; origin: 農場D; others: 第3回, 51日齢; "
2018,九州,食鳥処理場,処理後食鳥検体,鶏肉,胸肉,,plate_count,Campylobacter jejuni,2.04,log CFU/g,国立医薬品食品衛生研究所,2食鳥処理場におけるブロイラー群および胸肉のカンピロバクター,https://agriknowledge.affrc.go.jp/RN/2010937017.pdf,"value: 平均値; 問い合わせ: 要; origin: 農場D; others: 第3回, 51日齢; "
2018,九州,食鳥処理場,処理後食鳥検体,鶏肉,盲腸内容物,,plate_count,Campylobacter jejuni,7.46,log CFU/g,国立医薬品食品衛生研究所,2食鳥処理場におけるブロイラー群および胸肉のカンピロバクター,https://agriknowledge.affrc.go.jp/RN/2010937017.pdf,"value: 平均値; 問い合わせ: 要; origin: 農場E; others: 第4回, 52日齢; "
2018,九州,食鳥処理場,処理後食鳥検体,鶏肉,胸肉,,plate_count,Campylobacter jejuni,2.2,log CFU/g,国立医薬品食品衛生研究所,2食鳥処理場におけるブロイラー群および胸肉のカンピロバクター,https://agriknowledge.affrc.go.jp/RN/2010937017.pdf,"value: 平均値; 問い合わせ: 要; origin: 農場E; others: 第4回, 52日齢; "
2018,九州,食鳥処理場,処理後食鳥検体,鶏肉,盲腸内容物,,plate_count,Campylobacter jejuni,8.18,log CFU/g,国立医薬品食品衛生研究所,2食鳥処理場におけるブロイラー群および胸肉のカンピロバクター,https://agriknowledge.affrc.go.jp/RN/2010937017.pdf,"value: 平均値; 問い合わせ: 要; origin: 農場F; others: 第5回, 50日齢; "
2018,九州,食鳥処理場,処理後食鳥検体,鶏肉,胸肉,,plate_count,Campylobacter jejuni,2.81,log CFU/g,国立医薬品食品衛生研究所,2食鳥処理場におけるブロイラー群および胸肉のカンピロバクター,https://agriknowledge.affrc.go.jp/RN/2010937017.pdf,"value: 平均値; 問い合わせ: 要; origin: 農場F; others: 第5回, 50日齢; "
2018,九州,食鳥処理場,処理後食鳥検体,鶏肉,盲腸内容物,,plate_count,"Campylobacter jejuni, Campylobacter coli",6.47,log CFU/g,国立医薬品食品衛生研究所,2食鳥処理場におけるブロイラー群および胸肉のカンピロバクター,https://agriknowledge.affrc.go.jp/RN/2010937017.pdf,"value: 平均値; 問い合わせ: 要; origin: 農場G; others: 第6回, 49日齢; "
2018,九州,食鳥処理場,処理後食鳥検体,鶏肉,胸肉,,plate_count,Campylobacter jejuni,2.11,log CFU/g,国立医薬品食品衛生研究所,2食鳥処理場におけるブロイラー群および胸肉のカンピロバクター,https://agriknowledge.affrc.go.jp/RN/2010937017.pdf,"value: 平均値; 問い合わせ: 要; origin: 農場G; others: 第6回, 49日齢; "
2020,九州,食鳥処理場,処理後食鳥検体,鶏肉,盲腸内容物,,plate_count,"Campylobacter jejuni, Campylobacter coli",7.27,log CFU/g,国立医薬品食品衛生研究所,2食鳥処理場におけるブロイラー群および胸肉のカンピロバクター,https://agriknowledge.affrc.go.jp/RN/2010937017.pdf,"value: 平均値; 問い合わせ: 要; origin: 農場H; others: 第7回, 48日齢; "
2020,九州,食鳥処理場,処理後食鳥検体,鶏肉,胸肉,,plate_count,"Campylobacter jejuni, Campylobacter coli",2.49,log CFU/g,国立医薬品食品衛生研究所,2食鳥処理場におけるブロイラー群および胸肉のカンピロバクター,https://agriknowledge.affrc.go.jp/RN/2010937017.pdf,"value: 平均値; 問い合わせ: 要; origin: 農場H; others: 第7回, 48日齢; "
2020,-,,,鶏肉,鶏もも肉製品,,plate_count,Campylobacter spp.,1.53,log CFU/g,"地方衛生研究所, 国立医薬品食品衛生研究所",鶏肉食品におけるカンピロバクター等の定量的汚染実態に関する研究,https://mhlw-grants.niph.go.jp/system/files/report_pdf/202024029A-buntan1.pdf,value: 平均値; 問い合わせ: 要; 検査方法_詳細: ISO 10272-2：2017; other: 食鳥処理場及び鶏種（銘柄）の情報あり; 
2006~2010,,,,牛肉,牛肉スライス,,MPN,Listeria monocytogenes,ほとんどが10未満,MPN/g,,,,
2006~2010,,,,豚肉,豚肉ミンチ,,MPN,Listeria monocytogenes,ほとんどが10未満,MPN/g,,,,
2006~2010,,,,鶏肉,鶏肉,,MPN,Listeria monocytogenes,ほとんどが10未満,MPN/g,,,,
2006~2010,,,,その他の肉類,生ハム,,MPN,Listeria monocytogenes,ほとんどが10未満,MPN/g,,,,
2006~2010,,,,その他の肉類,非加熱食肉製品,,MPN,Listeria monocytogenes,ほとんどが10未満,MPN/g,,,,
2021,福岡市,,,その他,そうざい,そうざい① (ready-to-eat（RTE）のデリミート),plate_count,Listeria monocytogenes,2.30E+05,CFU/g,福岡市保健環境研究所,複数の型が検出されたListeria monocytogenes集団感染事例,https://www.niid.go.jp/niid/ja/l-monocytogenes-m/l-monocytogenes-iasrd/11432-510d05.html,
2021,福岡市,,,その他,そうざい,そうざい② (ready-to-eat（RTE）のデリミート),plate_count,Listeria monocytogenes,2.90E+03,CFU/g,福岡市保健環境研究所,複数の型が検出されたListeria monocytogenes集団感染事例,https://www.niid.go.jp/niid/ja/l-monocytogenes-m/l-monocytogenes-iasrd/11432-510d05.html,
2020~2021,東京,スーパーマーケット,鶏肉加工品,鶏肉,つみれ,冷蔵,MPN,Salmonella spp.,107.5,MPN/25g,国立医薬品食品衛生研究所,鶏肉加工製品におけるサルモネラ等の定量汚染の調査,https://mhlw-grants.niph.go.jp/system/files/report_pdf/202024029A-buntan3.pdf,検査方法_詳細: MPN法（3本法）; organism_details: 血清型O4; other: 血清型ごとの分離菌株数の情報あり
2020~2021,東京,百貨店,鶏肉加工品,鶏肉,つみれ,冷蔵,MPN,Salmonella spp.,57.5,MPN/25g,国立医薬品食品衛生研究所,鶏肉加工製品におけるサルモネラ等の定量汚染の調査,https://mhlw-grants.niph.go.jp/system/files/report_pdf/202024029A-buntan3.pdf,検査方法_詳細: MPN法（3本法）; organism_details: 血清型O4; other: 血清型ごとの分離菌株数の情報あり
2020~2021,東京,スーパーマーケット,鶏肉加工品,鶏肉,つみれ,冷蔵,MPN,Salmonella spp.,22.75,MPN/25g,国立医薬品食品衛生研究所,鶏肉加工製品におけるサルモネラ等の定量汚染の調査,https://mhlw-grants.niph.go.jp/system/files/report_pdf/202024029A-buntan3.pdf,検査方法_詳細: MPN法（3本法）; organism_details: 血清型O4; other: 血清型ごとの分離菌株数の情報あり
2020~2021,東京,スーパーマーケット,鶏肉加工品,鶏肉,つみれ,冷蔵,MPN,Salmonella spp.,22.75,MPN/25g,国立医薬品食品衛生研究所,鶏肉加工製品におけるサルモネラ等の定量汚染の調査,https://mhlw-grants.niph.go.jp/system/files/report_pdf/202024029A-buntan3.pdf,"検査方法_詳細: MPN法（3本法）; organism_details: 血清型O4, O7; other: 血清型ごとの分離菌株数の情報あり"
2020~2021,東京,スーパーマーケット,鶏肉加工品,鶏肉,肉団子,冷蔵,MPN,Salmonella spp.,22.75,MPN/25g,国立医薬品食品衛生研究所,鶏肉加工製品におけるサルモネラ等の定量汚染の調査,https://mhlw-grants.niph.go.jp/system/files/report_pdf/202024029A-buntan3.pdf,検査方法_詳細: MPN法（3本法）; organism_details: 血清型O7; other: 血清型ごとの分離菌株数の情報あり
2020~2021,東京,スーパーマーケット,鶏肉加工品,鶏肉,つみれ,冷蔵,MPN,Salmonella spp.,9,MPN/25g,国立医薬品食品衛生研究所,鶏肉加工製品におけるサルモネラ等の定量汚染の調査,https://mhlw-grants.niph.go.jp/system/files/report_pdf/202024029A-buntan3.pdf,検査方法_詳細: MPN法（3本法）; organism_details: 血清型O4; other: 血清型ごとの分離菌株数の情報あり
2020~2021,東京,スーパーマーケット,鶏肉加工品,鶏肉,つみれ,冷蔵,MPN,Salmonella spp.,9,MPN/25g,国立医薬品食品衛生研究所,鶏肉加工製品におけるサルモネラ等の定量汚染の調査,https://mhlw-grants.niph.go.jp/system/files/report_pdf/202024029A-buntan3.pdf,検査方法_詳細: MPN法（3本法）; organism_details: 血清型O4; other: 血清型ごとの分離菌株数の情報あり
2020~2021,東京,スーパーマーケット,鶏肉加工品,鶏肉,つみれ,冷蔵,MPN,Salmonella spp.,9,MPN/25g,国立医薬品食品衛生研究所,鶏肉加工製品におけるサルモネラ等の定量汚染の調査,https://mhlw-grants.niph.go.jp/system/files/report_pdf/202024029A-buntan3.pdf,検査方法_詳細: MPN法（3本法）; organism_details: 血清型O4; other: 血清型ごとの分離菌株数の情報あり
2020~2021,東京,百貨店,鶏肉加工品,鶏肉,つみれ,冷蔵,MPN,Salmonella spp.,9,MPN/25g,国立医薬品食品衛生研究所,鶏肉加工製品におけるサルモネラ等の定量汚染の調査,https://mhlw-grants.niph.go.jp/system/files/report_pdf/202024029A-buntan3.pdf,検査方法_詳細: MPN法（3本法）; organism_details: 血清型O4; other: 血清型ごとの分離菌株数の情報あり
2020~2021,神奈川,スーパーマーケット,鶏肉加工品,鶏肉,肉団子,冷蔵,MPN,Salmonella spp.,9,MPN/25g,国立医薬品食品衛生研究所,鶏肉加工製品におけるサルモネラ等の定量汚染の調査,https://mhlw-grants.niph.go.jp/system/files/report_pdf/202024029A-buntan3.pdf,検査方法_詳細: MPN法（3本法）; organism_details: 血清型O7; other: 血清型ごとの分離菌株数の情報あり
2020~2021,神奈川,スーパーマーケット,鶏肉加工品,鶏肉,肉団子,冷蔵,MPN,Salmonella spp.,9,MPN/25g,国立医薬品食品衛生研究所,鶏肉加工製品におけるサルモネラ等の定量汚染の調査,https://mhlw-grants.niph.go.jp/system/files/report_pdf/202024029A-buntan3.pdf,検査方法_詳細: MPN法（3本法）; organism_details: 血清型O7; other: 血清型ごとの分離菌株数の情報あり
2020~2021,東京,スーパーマーケット,鶏肉加工品,鶏肉,つみれ,冷蔵,MPN,Salmonella spp.,<7.5,MPN/25g,国立医薬品食品衛生研究所,鶏肉加工製品におけるサルモネラ等の定量汚染の調査,https://mhlw-grants.niph.go.jp/system/files/report_pdf/202024029A-buntan3.pdf,検査方法_詳細: MPN法（3本法）; organism_details: 血清型O4; other: 血清型ごとの分離菌株数の情報あり
2020~2021,東京,スーパーマーケット,鶏肉加工品,鶏肉,つみれ,冷蔵,MPN,Salmonella spp.,<7.5,MPN/25g,国立医薬品食品衛生研究所,鶏肉加工製品におけるサルモネラ等の定量汚染の調査,https://mhlw-grants.niph.go.jp/system/files/report_pdf/202024029A-buntan3.pdf,検査方法_詳細: MPN法（3本法）; organism_details: 血清型O4; other: 血清型ごとの分離菌株数の情報あり
2020~2021,東京,スーパーマーケット,鶏肉加工品,鶏肉,つみれ,冷蔵,MPN,Salmonella spp.,<7.5,MPN/25g,国立医薬品食品衛生研究所,鶏肉加工製品におけるサルモネラ等の定量汚染の調査,https://mhlw-grants.niph.go.jp/system/files/report_pdf/202024029A-buntan3.pdf,検査方法_詳細: MPN法（3本法）; organism_details: 血清型O4; other: 血清型ごとの分離菌株数の情報あり
2020~2021,神奈川,スーパーマーケット,鶏肉加工品,鶏肉,つみれ,冷蔵,MPN,Salmonella spp.,<7.5,MPN/25g,国立医薬品食品衛生研究所,鶏肉加工製品におけるサルモネラ等の定量汚染の調査,https://mhlw-grants.niph.go.jp/system/files/report_pdf/202024029A-buntan3.pdf,検査方法_詳細: MPN法（3本法）; organism_details: 血清型O4; other: 血清型ごとの分離菌株数の情報あり
2020~2021,神奈川,スーパーマーケット,鶏肉加工品,鶏肉,つみれ,冷蔵,MPN,Salmonella spp.,<7.5,MPN/25g,国立医薬品食品衛生研究所,鶏肉加工製品におけるサルモネラ等の定量汚染の調査,https://mhlw-grants.niph.go.jp/system/files/report_pdf/202024029A-buntan3.pdf,検査方法_詳細: MPN法（3本法）; organism_details: 血清型O7; other: 血清型ごとの分離菌株数の情報あり
2020~2021,神奈川,スーパーマーケット,鶏肉加工品,鶏肉,つみれ,冷蔵,MPN,Salmonella spp.,<7.5,MPN/25g,国立医薬品食品衛生研究所,鶏肉加工製品におけるサルモネラ等の定量汚染の調査,https://mhlw-grants.niph.go.jp/system/files/report_pdf/202024029A-buntan3.pdf,検査方法_詳細: MPN法（3本法）; organism_details: 血清型O4; other: 血清型ごとの分離菌株数の情報あり
2020~2021,東京,スーパーマーケット,鶏肉加工品,鶏肉,つみれ,冷蔵,MPN,Salmonella spp.,<7.5,MPN/25g,国立医薬品食品衛生研究所,鶏肉加工製品におけるサルモネラ等の定量汚染の調査,https://mhlw-grants.niph.go.jp/system/files/report_pdf/202024029A-buntan3.pdf,検査方法_詳細: MPN法（3本法）; organism_details: 血清型O4; other: 血清型ごとの分離菌株数の情報あり
2020~2021,東京,スーパーマーケット,鶏肉加工品,鶏肉,つみれ,冷蔵,MPN,Salmonella spp.,<7.5,MPN/25g,国立医薬品食品衛生研究所,鶏肉加工製品におけるサルモネラ等の定量汚染の調査,https://mhlw-grants.niph.go.jp/system/files/report_pdf/202024029A-buntan3.pdf,"検査方法_詳細: MPN法（3本法）; organism_details: 血清型O4, O8; other: 血清型ごとの分離菌株数の情報あり"
2020~2021,東京,スーパーマーケット,鶏肉加工品,鶏肉,つみれ,冷蔵,MPN,Salmonella spp.,<7.5,MPN/25g,国立医薬品食品衛生研究所,鶏肉加工製品におけるサルモネラ等の定量汚染の調査,https://mhlw-grants.niph.go.jp/system/files/report_pdf/202024029A-buntan3.pdf,"検査方法_詳細: MPN法（3本法）; organism_details: 血清型O4, O7; other: 血清型ごとの分離菌株数の情報あり"
2020~2021,東京,百貨店,鶏肉加工品,鶏肉,つみれ,冷蔵,MPN,Salmonella spp.,<7.5,MPN/25g,国立医薬品食品衛生研究所,鶏肉加工製品におけるサルモネラ等の定量汚染の調査,https://mhlw-grants.niph.go.jp/system/files/report_pdf/202024029A-buntan3.pdf,検査方法_詳細: MPN法（3本法）; organism_details: 血清型O4; other: 血清型ごとの分離菌株数の情報あり
2020~2021,東京,百貨店,鶏肉加工品,鶏肉,つみれ,冷蔵,MPN,Salmonella spp.,<7.5,MPN/25g,国立医薬品食品衛生研究所,鶏肉加工製品におけるサルモネラ等の定量汚染の調査,https://mhlw-grants.niph.go.jp/system/files/report_pdf/202024029A-buntan3.pdf,検査方法_詳細: MPN法（3本法）; organism_details: 血清型O4; other: 血清型ごとの分離菌株数の情報あり
2020~2021,東京,百貨店,鶏肉加工品,鶏肉,つみれ,冷蔵,MPN,Salmonella spp.,<7.5,MPN/25g,国立医薬品食品衛生研究所,鶏肉加工製品におけるサルモネラ等の定量汚染の調査,https://mhlw-grants.niph.go.jp/system/files/report_pdf/202024029A-buntan3.pdf,検査方法_詳細: MPN法（3本法）; organism_details: 血清型O4; other: 血清型ごとの分離菌株数の情報あり
2020~2021,東京,百貨店,鶏肉加工品,鶏肉,つみれ,冷蔵,MPN,Salmonella spp.,<7.5,MPN/25g,国立医薬品食品衛生研究所,鶏肉加工製品におけるサルモネラ等の定量汚染の調査,https://mhlw-grants.niph.go.jp/system/files/report_pdf/202024029A-buntan3.pdf,検査方法_詳細: MPN法（3本法）; organism_details: 血清型O4; other: 血清型ごとの分離菌株数の情報あり
2020~2021,東京,百貨店,鶏肉加工品,鶏肉,つみれ,冷蔵,MPN,Salmonella spp.,<7.5,MPN/25g,国立医薬品食品衛生研究所,鶏肉加工製品におけるサルモネラ等の定量汚染の調査,https://mhlw-grants.niph.go.jp/system/files/report_pdf/202024029A-buntan3.pdf,検査方法_詳細: MPN法（3本法）; organism_details: 血清型O4; other: 血清型ごとの分離菌株数の情報あり
2020~2021,東京,スーパーマーケット,鶏肉加工品,鶏肉,つみれ,冷蔵,MPN,Salmonella spp.,<7.5,MPN/25g,国立医薬品食品衛生研究所,鶏肉加工製品におけるサルモネラ等の定量汚染の調査,https://mhlw-grants.niph.go.jp/system/files/report_pdf/202024029A-buntan3.pdf,検査方法_詳細: MPN法（3本法）; organism_details: 血清型O4; other: 血清型ごとの分離菌株数の情報あり
2020~2021,東京,スーパーマーケット,鶏肉加工品,鶏肉,つみれ,冷蔵,MPN,Salmonella spp.,<7.5,MPN/25g,国立医薬品食品衛生研究所,鶏肉加工製品におけるサルモネラ等の定量汚染の調査,https://mhlw-grants.niph.go.jp/system/files/report_pdf/202024029A-buntan3.pdf,検査方法_詳細: MPN法（3本法）; organism_details: 血清型O4; other: 血清型ごとの分離菌株数の情報あり
2020~2021,東京,スーパーマーケット,鶏肉加工品,鶏肉,肉団子,冷蔵,MPN,Salmonella spp.,<7.5,MPN/25g,国立医薬品食品衛生研究所,鶏肉加工製品におけるサルモネラ等の定量汚染の調査,https://mhlw-grants.niph.go.jp/system/files/report_pdf/202024029A-buntan3.pdf,検査方法_詳細: MPN法（3本法）; organism_details: 血清型O4; other: 血清型ごとの分離菌株数の情報あり
2020~2021,神奈川,スーパーマーケット,鶏肉加工品,鶏肉,肉団子,冷蔵,MPN,Salmonella spp.,<7.5,MPN/25g,国立医薬品食品衛生研究所,鶏肉加工製品におけるサルモネラ等の定量汚染の調査,https://mhlw-grants.niph.go.jp/system/files/report_pdf/202024029A-buntan3.pdf,検査方法_詳細: MPN法（3本法）; organism_details: 血清型O7; other: 血清型ごとの分離菌株数の情報あり
2020~2021,神奈川,スーパーマーケット,鶏肉加工品,鶏肉,肉団子,冷蔵,MPN,Salmonella spp.,<7.5,MPN/25g,国立医薬品食品衛生研究所,鶏肉加工製品におけるサルモネラ等の定量汚染の調査,https://mhlw-grants.niph.go.jp/system/files/report_pdf/202024029A-buntan3.pdf,検査方法_詳細: MPN法（3本法）; organism_details: 血清型O7; other: 血清型ごとの分離菌株数の情報あり
2003,大阪市,食肉処理場,,牛肉,第一胃内容物,直腸便,MPN,Escherichia coli O157,44.4,CFU/g,大阪市食肉衛生検査所,夏季における牛の腸管出血性大腸菌O157保菌状況と分離株の薬剤感受性,https://agriknowledge.affrc.go.jp/RN/2010720847.pdf,value: 平均値; 問い合わせ: 要; 
2016,神奈川,,冷凍食品,その他,そうざい,冷凍メンチカツ,MPN,Escherichia coli O157,1100,MPN/100g,神奈川県衛生研究所,冷凍メンチによる腸管出血性大腸菌O157 VT2の食中毒検査について,https://www.niid.go.jp/niid/ja/ehec-m/ehec-iasrs/6992-443p08.html,検査方法_詳細: 試験管5本ずつによる最確数算出法; other: 賞味期限2017.2.26の検体
2016,神奈川,,冷凍食品,その他,そうざい,冷凍メンチカツ,MPN,Escherichia coli O157,1300,MPN/100g,神奈川県衛生研究所,冷凍メンチによる腸管出血性大腸菌O157 VT2の食中毒検査について,https://www.niid.go.jp/niid/ja/ehec-m/ehec-iasrs/6992-443p08.html,検査方法_詳細: 試験管5本ずつによる最確数算出法; other: 患者宅残品の検体
2019,,,鶏肉加工品,鶏肉,つみれ及び肉団子,冷蔵,MPN,Salmonella spp.,23,MPN/25g,国立医薬品食品衛生研究所,鶏肉加工製品におけるサルモネラ等の汚染実態に関する研究,https://mhlw-grants.niph.go.jp/system/files/2019/193031/201924021A_upload/201924021A0006.pdf,"検査方法_詳細: サルモネラ属菌標準試験法をMPN3本法による定量検査に応用; other: 定性検査で陽性だった検体を定量, 生データにより細かい対応が見れそう"
2019,,,鶏肉加工品,鶏肉,つみれ及び肉団子,冷蔵,MPN,Salmonella spp.,23,MPN/25g,国立医薬品食品衛生研究所,鶏肉加工製品におけるサルモネラ等の汚染実態に関する研究,https://mhlw-grants.niph.go.jp/system/files/2019/193031/201924021A_upload/201924021A0006.pdf,"検査方法_詳細: サルモネラ属菌標準試験法をMPN3本法による定量検査に応用; other: 定性検査で陽性だった検体を定量, 生データにより細かい対応が見れそう"
2019,,,鶏肉加工品,鶏肉,つみれ及び肉団子,冷蔵,MPN,Salmonella spp.,9,MPN/25g,国立医薬品食品衛生研究所,鶏肉加工製品におけるサルモネラ等の汚染実態に関する研究,https://mhlw-grants.niph.go.jp/system/files/2019/193031/201924021A_upload/201924021A0006.pdf,"検査方法_詳細: サルモネラ属菌標準試験法をMPN3本法による定量検査に応用; other: 定性検査で陽性だった検体を定量, 生データにより細かい対応が見れそう"
2019,,,鶏肉加工品,鶏肉,つみれ及び肉団子,冷蔵,MPN,Salmonella spp.,9,MPN/25g,国立医薬品食品衛生研究所,鶏肉加工製品におけるサルモネラ等の汚染実態に関する研究,https://mhlw-grants.niph.go.jp/system/files/2019/193031/201924021A_upload/201924021A0006.pdf,"検査方法_詳細: サルモネラ属菌標準試験法をMPN3本法による定量検査に応用; other: 定性検査で陽性だった検体を定量, 生データにより細かい対応が見れそう"
2019,,,鶏肉加工品,鶏肉,つみれ及び肉団子,冷蔵,MPN,Salmonella spp.,9,MPN/25g,国立医薬品食品衛生研究所,鶏肉加工製品におけるサルモネラ等の汚染実態に関する研究,https://mhlw-grants.niph.go.jp/system/files/2019/193031/201924021A_upload/201924021A0006.pdf,"検査方法_詳細: サルモネラ属菌標準試験法をMPN3本法による定量検査に応用; other: 定性検査で陽性だった検体を定量, 生データにより細かい対応が見れそう"
2019,,,鶏肉加工品,鶏肉,つみれ及び肉団子,冷蔵,MPN,Salmonella spp.,<7.5,MPN/25g,国立医薬品食品衛生研究所,鶏肉加工製品におけるサルモネラ等の汚染実態に関する研究,https://mhlw-grants.niph.go.jp/system/files/2019/193031/201924021A_upload/201924021A0006.pdf,"検査方法_詳細: サルモネラ属菌標準試験法をMPN3本法による定量検査に応用; other: 定性検査で陽性だった検体を定量, 生データにより細かい対応が見れそう"
2019,,,鶏肉加工品,鶏肉,つみれ及び肉団子,冷蔵,MPN,Salmonella spp.,<7.5,MPN/25g,国立医薬品食品衛生研究所,鶏肉加工製品におけるサルモネラ等の汚染実態に関する研究,https://mhlw-grants.niph.go.jp/system/files/2019/193031/201924021A_upload/201924021A0006.pdf,"検査方法_詳細: サルモネラ属菌標準試験法をMPN3本法による定量検査に応用; other: 定性検査で陽性だった検体を定量, 生データにより細かい対応が見れそう"
2019,,,鶏肉加工品,鶏肉,つみれ及び肉団子,冷蔵,MPN,Salmonella spp.,<7.5,MPN/25g,国立医薬品食品衛生研究所,鶏肉加工製品におけるサルモネラ等の汚染実態に関する研究,https://mhlw-grants.niph.go.jp/system/files/2019/193031/201924021A_upload/201924021A0006.pdf,"検査方法_詳細: サルモネラ属菌標準試験法をMPN3本法による定量検査に応用; other: 定性検査で陽性だった検体を定量, 生データにより細かい対応が見れそう"
2000~2012,東京,,乳製品,チーズ,ナチュラルチーズ,,MPN,Listeria monocytogenes,<0.3,MPN/g,東京都健康安全研究センター,"Prevalence and contamination levels of Listeria monocytogenes in ready-to-eat foods in Tokyo, Japan",https://www.jstage.jst.go.jp/article/jvms/78/7/78_15-0708/_pdf/-char/ja,
2000~2012,東京,,乳製品,チーズ,ナチュラルチーズ,セミソフト（フランス産）,MPN,Listeria monocytogenes,1.6,MPN/g,東京都健康安全研究センター,"Prevalence and contamination levels of Listeria monocytogenes in ready-to-eat foods in Tokyo, Japan",https://www.jstage.jst.go.jp/article/jvms/78/7/78_15-0708/_pdf/-char/ja,
2000~2012,東京,,RTE食肉製品,その他の肉類,生食用食肉,,MPN,Listeria monocytogenes,<0.3,MPN/g,東京都健康安全研究センター,"Prevalence and contamination levels of Listeria monocytogenes in ready-to-eat foods in Tokyo, Japan",https://www.jstage.jst.go.jp/article/jvms/78/7/78_15-0708/_pdf/-char/ja,
2000~2012,東京,,RTE食肉製品,その他の肉類,生食用食肉,,MPN,Listeria monocytogenes,<0.3,MPN/g,東京都健康安全研究センター,"Prevalence and contamination levels of Listeria monocytogenes in ready-to-eat foods in Tokyo, Japan",https://www.jstage.jst.go.jp/article/jvms/78/7/78_15-0708/_pdf/-char/ja,
2000~2012,東京,,RTE食肉製品,その他の肉類,生食用食肉,,MPN,Listeria monocytogenes,<0.3,MPN/g,東京都健康安全研究センター,"Prevalence and contamination levels of Listeria monocytogenes in ready-to-eat foods in Tokyo, Japan",https://www.jstage.jst.go.jp/article/jvms/78/7/78_15-0708/_pdf/-char/ja,
2000~2012,東京,,RTE食肉製品,その他の肉類,非加熱食肉製品,,MPN,Listeria monocytogenes,<0.3,MPN/g,東京都健康安全研究センター,"Prevalence and contamination levels of Listeria monocytogenes in ready-to-eat foods in Tokyo, Japan",https://www.jstage.jst.go.jp/article/jvms/78/7/78_15-0708/_pdf/-char/ja,
2000~2012,東京,,RTE食肉製品,その他の肉類,非加熱食肉製品,,MPN,Listeria monocytogenes,<0.3,MPN/g,東京都健康安全研究センター,"Prevalence and contamination levels of Listeria monocytogenes in ready-to-eat foods in Tokyo, Japan",https://www.jstage.jst.go.jp/article/jvms/78/7/78_15-0708/_pdf/-char/ja,
2000~2012,東京,,RTE食肉製品,その他の肉類,非加熱食肉製品,,MPN,Listeria monocytogenes,<0.3,MPN/g,東京都健康安全研究センター,"Prevalence and contamination levels of Listeria monocytogenes in ready-to-eat foods in Tokyo, Japan",https://www.jstage.jst.go.jp/article/jvms/78/7/78_15-0708/_pdf/-char/ja,
2000~2012,東京,,RTE食肉製品,その他の肉類,非加熱食肉製品,,MPN,Listeria monocytogenes,<0.3,MPN/g,東京都健康安全研究センター,"Prevalence and contamination levels of Listeria monocytogenes in ready-to-eat foods in Tokyo, Japan",https://www.jstage.jst.go.jp/article/jvms/78/7/78_15-0708/_pdf/-char/ja,
2000~2012,東京,,RTE食肉製品,その他の肉類,非加熱食肉製品,,MPN,Listeria monocytogenes,<0.3,MPN/g,東京都健康安全研究センター,"Prevalence and contamination levels of Listeria monocytogenes in ready-to-eat foods in Tokyo, Japan",https://www.jstage.jst.go.jp/article/jvms/78/7/78_15-0708/_pdf/-char/ja,
2000~2012,東京,,RTE食肉製品,その他の肉類,非加熱食肉製品,,MPN,Listeria monocytogenes,<0.3,MPN/g,東京都健康安全研究センター,"Prevalence and contamination levels of Listeria monocytogenes in ready-to-eat foods in Tokyo, Japan",https://www.jstage.jst.go.jp/article/jvms/78/7/78_15-0708/_pdf/-char/ja,
2000~2012,東京,,RTE食肉製品,その他の肉類,非加熱食肉製品,,MPN,Listeria monocytogenes,<0.3,MPN/g,東京都健康安全研究センター,"Prevalence and contamination levels of Listeria monocytogenes in ready-to-eat foods in Tokyo, Japan",https://www.jstage.jst.go.jp/article/jvms/78/7/78_15-0708/_pdf/-char/ja,
2000~2012,東京,,RTE食肉製品,その他の肉類,非加熱食肉製品,,MPN,Listeria monocytogenes,<0.3,MPN/g,東京都健康安全研究センター,"Prevalence and contamination levels of Listeria monocytogenes in ready-to-eat foods in Tokyo, Japan",https://www.jstage.jst.go.jp/article/jvms/78/7/78_15-0708/_pdf/-char/ja,
2000~2012,東京,,RTE食肉製品,その他の肉類,非加熱食肉製品,,MPN,Listeria monocytogenes,<0.3,MPN/g,東京都健康安全研究センター,"Prevalence and contamination levels of Listeria monocytogenes in ready-to-eat foods in Tokyo, Japan",https://www.jstage.jst.go.jp/article/jvms/78/7/78_15-0708/_pdf/-char/ja,
2000~2012,東京,,RTE食肉製品,その他の肉類,非加熱食肉製品,,MPN,Listeria monocytogenes,<0.3,MPN/g,東京都健康安全研究センター,"Prevalence and contamination levels of Listeria monocytogenes in ready-to-eat foods in Tokyo, Japan",https://www.jstage.jst.go.jp/article/jvms/78/7/78_15-0708/_pdf/-char/ja,
2000~2012,東京,,RTE食肉製品,その他の肉類,非加熱食肉製品,,MPN,Listeria monocytogenes,0.3-1,MPN/g,東京都健康安全研究センター,"Prevalence and contamination levels of Listeria monocytogenes in ready-to-eat foods in Tokyo, Japan",https://www.jstage.jst.go.jp/article/jvms/78/7/78_15-0708/_pdf/-char/ja,
2000~2012,東京,,RTE食肉製品,その他の肉類,非加熱食肉製品,,MPN,Listeria monocytogenes,0.3-1,MPN/g,東京都健康安全研究センター,"Prevalence and contamination levels of Listeria monocytogenes in ready-to-eat foods in Tokyo, Japan",https://www.jstage.jst.go.jp/article/jvms/78/7/78_15-0708/_pdf/-char/ja,
2000~2012,東京,,RTE食肉製品,その他の肉類,非加熱食肉製品,,MPN,Listeria monocytogenes,0.3-1,MPN/g,東京都健康安全研究センター,"Prevalence and contamination levels of Listeria monocytogenes in ready-to-eat foods in Tokyo, Japan",https://www.jstage.jst.go.jp/article/jvms/78/7/78_15-0708/_pdf/-char/ja,
2000~2012,東京,,RTE食肉製品,その他の肉類,加熱後包装食肉製品,,MPN,Listeria monocytogenes,<0.3,MPN/g,東京都健康安全研究センター,"Prevalence and contamination levels of Listeria monocytogenes in ready-to-eat foods in Tokyo, Japan",https://www.jstage.jst.go.jp/article/jvms/78/7/78_15-0708/_pdf/-char/ja,
2000~2012,東京,,RTE食肉製品,その他の肉類,加熱後包装食肉製品,,MPN,Listeria monocytogenes,<0.3,MPN/g,東京都健康安全研究センター,"Prevalence and contamination levels of Listeria monocytogenes in ready-to-eat foods in Tokyo, Japan",https://www.jstage.jst.go.jp/article/jvms/78/7/78_15-0708/_pdf/-char/ja,
2000~2012,東京,,RTE食肉製品,その他の肉類,加熱後包装食肉製品,,MPN,Listeria monocytogenes,<0.3,MPN/g,東京都健康安全研究センター,"Prevalence and contamination levels of Listeria monocytogenes in ready-to-eat foods in Tokyo, Japan",https://www.jstage.jst.go.jp/article/jvms/78/7/78_15-0708/_pdf/-char/ja,
2000~2012,東京,,RTE食肉製品,その他の肉類,加熱後包装食肉製品,,MPN,Listeria monocytogenes,0.3-1,MPN/g,東京都健康安全研究センター,"Prevalence and contamination levels of Listeria monocytogenes in ready-to-eat foods in Tokyo, Japan",https://www.jstage.jst.go.jp/article/jvms/78/7/78_15-0708/_pdf/-char/ja,
2000~2012,東京,,RTE食肉製品,その他の肉類,加熱後包装食肉製品,,MPN,Listeria monocytogenes,0.3-1,MPN/g,東京都健康安全研究センター,"Prevalence and contamination levels of Listeria monocytogenes in ready-to-eat foods in Tokyo, Japan",https://www.jstage.jst.go.jp/article/jvms/78/7/78_15-0708/_pdf/-char/ja,
2000~2012,東京,,RTE食肉製品,その他の肉類,加熱後包装食肉製品,,MPN,Listeria monocytogenes,0.3-1,MPN/g,東京都健康安全研究センター,"Prevalence and contamination levels of Listeria monocytogenes in ready-to-eat foods in Tokyo, Japan",https://www.jstage.jst.go.jp/article/jvms/78/7/78_15-0708/_pdf/-char/ja,
2000~2012,東京,,RTE食肉製品,その他の肉類,加熱後包装食肉製品,,MPN,Listeria monocytogenes,0.3-1,MPN/g,東京都健康安全研究センター,"Prevalence and contamination levels of Listeria monocytogenes in ready-to-eat foods in Tokyo, Japan",https://www.jstage.jst.go.jp/article/jvms/78/7/78_15-0708/_pdf/-char/ja,
2000~2012,東京,,RTE魚介製品,魚介類,生魚,,MPN,Listeria monocytogenes,<0.3,MPN/g,東京都健康安全研究センター,"Prevalence and contamination levels of Listeria monocytogenes in ready-to-eat foods in Tokyo, Japan",https://www.jstage.jst.go.jp/article/jvms/78/7/78_15-0708/_pdf/-char/ja,
2000~2012,東京,,RTE魚介製品,魚介類,生魚,,MPN,Listeria monocytogenes,<0.3,MPN/g,東京都健康安全研究センター,"Prevalence and contamination levels of Listeria monocytogenes in ready-to-eat foods in Tokyo, Japan",https://www.jstage.jst.go.jp/article/jvms/78/7/78_15-0708/_pdf/-char/ja,
2000~2012,東京,,RTE魚介製品,魚介類,生魚,,MPN,Listeria monocytogenes,0.3-1,MPN/g,東京都健康安全研究センター,"Prevalence and contamination levels of Listeria monocytogenes in ready-to-eat foods in Tokyo, Japan",https://www.jstage.jst.go.jp/article/jvms/78/7/78_15-0708/_pdf/-char/ja,
2000~2012,東京,,RTE魚介製品,魚介類,生魚,ツナミンチ,MPN,Listeria monocytogenes,2.1,MPN/g,東京都健康安全研究センター,"Prevalence and contamination levels of Listeria monocytogenes in ready-to-eat foods in Tokyo, Japan",https://www.jstage.jst.go.jp/article/jvms/78/7/78_15-0708/_pdf/-char/ja,
2000~2012,東京,,RTE魚介製品,魚介類,生魚,ツナミンチ,MPN,Listeria monocytogenes,2.3,MPN/g,東京都健康安全研究センター,"Prevalence and contamination levels of Listeria monocytogenes in ready-to-eat foods in Tokyo, Japan",https://www.jstage.jst.go.jp/article/jvms/78/7/78_15-0708/_pdf/-char/ja,
2000~2012,東京,,RTE魚介製品,魚介類,魚卵,,MPN,Listeria monocytogenes,<0.3,MPN/g,東京都健康安全研究センター,"Prevalence and contamination levels of Listeria monocytogenes in ready-to-eat foods in Tokyo, Japan",https://www.jstage.jst.go.jp/article/jvms/78/7/78_15-0708/_pdf/-char/ja,
2000~2012,東京,,RTE魚介製品,魚介類,魚卵,,MPN,Listeria monocytogenes,<0.3,MPN/g,東京都健康安全研究センター,"Prevalence and contamination levels of Listeria monocytogenes in ready-to-eat foods in Tokyo, Japan",https://www.jstage.jst.go.jp/article/jvms/78/7/78_15-0708/_pdf/-char/ja,
2000~2012,東京,,RTE魚介製品,魚介類,魚卵,,MPN,Listeria monocytogenes,<0.3,MPN/g,東京都健康安全研究センター,"Prevalence and contamination levels of Listeria monocytogenes in ready-to-eat foods in Tokyo, Japan",https://www.jstage.jst.go.jp/article/jvms/78/7/78_15-0708/_pdf/-char/ja,
2000~2012,東京,,RTE魚介製品,魚介類,魚卵,,MPN,Listeria monocytogenes,<0.3,MPN/g,東京都健康安全研究センター,"Prevalence and contamination levels of Listeria monocytogenes in ready-to-eat foods in Tokyo, Japan",https://www.jstage.jst.go.jp/article/jvms/78/7/78_15-0708/_pdf/-char/ja,
2000~2012,東京,,RTE魚介製品,魚介類,魚卵,,MPN,Listeria monocytogenes,<0.3,MPN/g,東京都健康安全研究センター,"Prevalence and contamination levels of Listeria monocytogenes in ready-to-eat foods in Tokyo, Japan",https://www.jstage.jst.go.jp/article/jvms/78/7/78_15-0708/_pdf/-char/ja,
2000~2012,東京,,RTE魚介製品,魚介類,魚介惣菜,,MPN,Listeria monocytogenes,<0.3,MPN/g,東京都健康安全研究センター,"Prevalence and contamination levels of Listeria monocytogenes in ready-to-eat foods in Tokyo, Japan",https://www.jstage.jst.go.jp/article/jvms/78/7/78_15-0708/_pdf/-char/ja,
2000~2012,東京,,RTE魚介製品,魚介類,魚介惣菜,,MPN,Listeria monocytogenes,<0.3,MPN/g,東京都健康安全研究センター,"Prevalence and contamination levels of Listeria monocytogenes in ready-to-eat foods in Tokyo, Japan",https://www.jstage.jst.go.jp/article/jvms/78/7/78_15-0708/_pdf/-char/ja,
2000~2012,東京,,RTE魚介製品,魚介類,魚介惣菜,,MPN,Listeria monocytogenes,0.3-1,MPN/g,東京都健康安全研究センター,"Prevalence and contamination levels of Listeria monocytogenes in ready-to-eat foods in Tokyo, Japan",https://www.jstage.jst.go.jp/article/jvms/78/7/78_15-0708/_pdf/-char/ja,
2000~2012,東京,,RTE魚介製品,魚介類,魚介惣菜,松前漬け,MPN,Listeria monocytogenes,1.5,MPN/g,東京都健康安全研究センター,"Prevalence and contamination levels of Listeria monocytogenes in ready-to-eat foods in Tokyo, Japan",https://www.jstage.jst.go.jp/article/jvms/78/7/78_15-0708/_pdf/-char/ja,
2000~2012,東京,,RTE魚介製品,魚介類,魚介乾物,,MPN,Listeria monocytogenes,<0.3,MPN/g,東京都健康安全研究センター,"Prevalence and contamination levels of Listeria monocytogenes in ready-to-eat foods in Tokyo, Japan",https://www.jstage.jst.go.jp/article/jvms/78/7/78_15-0708/_pdf/-char/ja,
2000~2012,東京,,RTE魚介製品,魚介類,魚介乾物,,MPN,Listeria monocytogenes,<0.3,MPN/g,東京都健康安全研究センター,"Prevalence and contamination levels of Listeria monocytogenes in ready-to-eat foods in Tokyo, Japan",https://www.jstage.jst.go.jp/article/jvms/78/7/78_15-0708/_pdf/-char/ja,
2000~2012,東京,,RTE魚介製品,魚介類,魚介乾物,,MPN,Listeria monocytogenes,<0.3,MPN/g,東京都健康安全研究センター,"Prevalence and contamination levels of Listeria monocytogenes in ready-to-eat foods in Tokyo, Japan",https://www.jstage.jst.go.jp/article/jvms/78/7/78_15-0708/_pdf/-char/ja,
2000~2012,東京,,RTE魚介製品,魚介類,魚介乾物,,MPN,Listeria monocytogenes,<0.3,MPN/g,東京都健康安全研究センター,"Prevalence and contamination levels of Listeria monocytogenes in ready-to-eat foods in Tokyo, Japan",https://www.jstage.jst.go.jp/article/jvms/78/7/78_15-0708/_pdf/-char/ja,
2000~2012,東京,,,その他,漬物,,MPN,Listeria monocytogenes,<0.3,MPN/g,東京都健康安全研究センター,"Prevalence and contamination levels of Listeria monocytogenes in ready-to-eat foods in Tokyo, Japan",https://www.jstage.jst.go.jp/article/jvms/78/7/78_15-0708/_pdf/-char/ja,
2000~2012,東京,,,その他,漬物,,MPN,Listeria monocytogenes,<0.3,MPN/g,東京都健康安全研究センター,"Prevalence and contamination levels of Listeria monocytogenes in ready-to-eat foods in Tokyo, Japan",https://www.jstage.jst.go.jp/article/jvms/78/7/78_15-0708/_pdf/-char/ja,
2000~2012,東京,,,その他,漬物,,MPN,Listeria monocytogenes,0.3-1,MPN/g,東京都健康安全研究センター,"Prevalence and contamination levels of Listeria monocytogenes in ready-to-eat foods in Tokyo, Japan",https://www.jstage.jst.go.jp/article/jvms/78/7/78_15-0708/_pdf/-char/ja,